<?xml version="1.0" encoding="UTF-8" standalone="yes"?>
<addon id="repository.Repoteste" name="Repoteste" version="1.0" provider-name="V7 M10">
    <extension point="xbmc.addon.repository" name="Nome Repository">
        <dir>
            <info compressed="false">https://raw.githubusercontent.com/jonatas183/Repoteste/master/zips/addons.xml</info>
            <checksum>https://raw.githubusercontent.com/jonatas183/Repoteste/master/zips/addons.xml.md5</checksum>
            <datadir zip="true">https://raw.githubusercontent.com/jonatas183/Repoteste/master/zips/</datadir>
        </dir>
    </extension>
    <extension point="xbmc.addon.metadata">
        <summary>Repoteste</summary>
        <description>testeREPO</description>
        <disclaimer></disclaimer>
        <platform>all</platform>
        <assets>
            <icon>icon.png</icon>
            <fanart>fanart.jpg</fanart>
        </assets>
    </extension>
</addon>